{
    "new": [
        { "img": "http://localhost:3000/img/hot3.jpg", "text": "Liquid Image 338 运动摄像眼镜", "uName": "苏亚", "endTime": "2020-7-28", "info_ty": "首发", "totalnum": 2032, "num": 20, "apply": 1392 },
        { "img": "http://localhost:3000/img/hot4.jpg", "text": "巴慕达 The Toaster 烤面包机", "uName": "爱猫", "endTime": "2020-9-30", "info_ty": "体验师转享", "totalnum": 2032, "num": 20, "apply": 1392 },
        { "img": "http://localhost:3000/img/hot5.jpg", "text": "Osprey小鹰户外运动专业腰包", "uName": "亚亚", "endTime": "2020-9-30", "info_ty": "首发", "totalnum": 2032, "num": 20, "apply": 1392 },
        { "img": "http://localhost:3000/img/hot6.jpg", "text": "空气净化器里面学问多得惊呆你，你选对了吗？", "uName": "楠楠", "endTime": "2020-9-30", "info_ty": "首发", "totalnum": 2032, "num": 20, "apply": 1392 },
        { "img": "http://localhost:3000/img/hot1.jpg", "text": "怎么骑都不会累的智能自行车：云马 C1试骑体验", "uName": "长安", "endTime": "2020-5-25", "info_ty": "体验师转享", "totalnum": 2032, "num": 20, "apply": 1392 },
        { "img": "http://localhost:3000/img/hot2.jpg", "text": "声音不是最优秀，但它形音完美的结合，足够打动人心", "uName": "兔子", "endTime": "2020-5-25", "info_ty": "首发", "totalnum": 2032, "num": 20, "apply": 1392 },
        { "img": "http://localhost:3000/img/hot7.jpg", "text": "风光大片信手拈来！vivo X6Plus不只是快，还是一台拍照利器", "uName": "兔子", "endTime": "2021-2-25", "info_ty": "首发", "totalnum": 2032, "num": 20, "apply": 1392 },
        { "img": "http://localhost:3000/img/hot8.jpg", "text": "到底有没有完美的iPhone手机配件，答案都在这里", "uName": "长安", "endTime": "2020-2-24", "info_ty": "首发", "totalnum": 2032, "num": 20, "apply": 1392 },
        { "img": "http://localhost:3000/img/g3.jpg", "text": "Liquid Image 338 运动摄像眼镜", "uName": "猫眼", "endTime": "2020-2-22", "info_ty": "体验师转享", "totalnum": 2032, "num": 20, "apply": 1392 },
        { "img": "http://localhost:3000/img/g4.jpg", "text": "巴慕达 The Toaster 烤面包机", "uName": "猫眼", "endTime": "2020-2-21", "info_ty": "首发", "totalnum": 2032, "num": 20, "apply": 1392 },
        { "img": "http://localhost:3000/img/g1.jpg", "text": "Osprey小鹰户外运动专业腰包", "uName": "猫眼", "endTime": "2020-8-20", "info_ty": "体验师转享", "totalnum": 2032, "num": 20, "apply": 1392 },
        { "img": "http://localhost:3000/img/g2.jpg", "text": "空气净化器里面学问多得惊呆你，你选对了吗？", "uName": "苏亚", "endTime": "2020-4-19", "info_ty": "首发", "totalnum": 2032, "num": 20, "apply": 1392 },
        { "img": "http://localhost:3000/img/k1.jpg", "text": "怎么骑都不会累的智能自行车：云马 C1试骑体验", "uName": "苏亚", "endTime": "2020-8-19" }
    ],
    "hot": [
        { "img": "http://localhost:3000/img/k2.jpg", "text": "声音不是最优秀，但它形音完美的结合，足够打动人心", "uName": "土豆", "endTime": "2020-8-28", "info_ty": "首发", "totalnum": 2032, "num": 20, "apply": 1392 },
        { "img": "http://localhost:3000/img/k4.jpg", "text": "风光大片信手拈来！vivo X6Plus不只是快，还是一台拍照利器", "uName": "土豆", "endTime": "2020-8-27", "info_ty": "首发", "totalnum": 2032, "num": 20, "apply": 1392 },
        { "img": "http://localhost:3000/img/k3.jpg", "text": "到底有没有完美的iPhone手机配件，答案都在这里", "uName": "土豆", "endTime": "2020-2-26", "info_ty": "体验师转享", "totalnum": 2032, "num": 20, "apply": 1392 },
        { "img": "http://localhost:3000/img/re3.jpg", "text": "Liquid Image 338 运动摄像眼镜", "uName": "打酱油", "endTime": "2020-8-24", "info_ty": "首发", "totalnum": 2032, "num": 20, "apply": 1392 },
        { "img": "http://localhost:3000/img/re4.jpg", "text": "巴慕达 The Toaster 烤面包机", "uName": "打酱油", "endTime": "2020-7-23", "info_ty": "体验师转享", "totalnum": 2032, "num": 20, "apply": 1392 },
        { "img": "http://localhost:3000/img/re1.jpg", "text": "Osprey小鹰户外运动专业腰包", "uName": "打酱油", "endTime": "2020-4-22", "info_ty": "首发", "totalnum": 2032, "num": 20, "apply": 1392 },
        { "img": "http://localhost:3000/img/re2.jpg", "text": "空气净化器里面学问多得惊呆你，你选对了吗？", "uName": "青豆", "endTime": "2020-8-22", "info_ty": "首发", "totalnum": 2032, "num": 20, "apply": 1392 },
        { "img": "http://localhost:3000/img/hot12.jpg", "text": "怎么骑都不会累的智能自行车：云马 C1试骑体验", "uName": "青豆", "endTime": "2020-8-22", "info_ty": "首发", "totalnum": 2032, "num": 20, "apply": 1392 },
        { "img": "http://localhost:3000/img/hot9.jpg", "text": "声音不是最优秀，但它形音完美的结合，足够打动人心", "uName": "青豆", "endTime": "2020-8-21", "info_ty": "首发", "totalnum": 2032, "num": 20, "apply": 1392 },
        { "img": "http://localhost:3000/img/hot10.jpg", "text": "风光大片信手拈来！vivo X6Plus不只是快，还是一台拍照利器", "uName": "青豆", "endTime": "2020-8-21", "info_ty": "首发", "totalnum": 2032, "num": 20, "apply": 1392 },
        { "img": "http://localhost:3000/img/hot11.jpg", "text": "到底有没有完美的iPhone手机配件，答案都在这里", "uName": "青豆", "endTime": "2020-8-21", "info_ty": "首发", "totalnum": 2032, "num": 20, "apply": 1392 },
        { "img": "http://localhost:3000/img/k1.jpg", "text": "Liquid Image 338 运动摄像眼镜", "uName": "灯塔", "endTime": "2020-8-20", "info_ty": "首发", "totalnum": 2032, "num": 20, "apply": 1392 },
        { "img": "http://localhost:3000/img/k3.jpg", "text": "巴慕达 The Toaster 烤面包机", "uName": "灯塔", "endTime": "2020-8-20", "info_ty": "首发", "totalnum": 2032, "num": 20, "apply": 1392 },
        { "img": "http://localhost:3000/img/g1.jpg", "text": "Osprey小鹰户外运动专业腰包", "uName": "灯塔", "endTime": "2020-8-20", "info_ty": "首发", "totalnum": 2032, "num": 20, "apply": 1392 },
        { "img": "http://localhost:3000/img/g3.jpg", "text": "空气净化器里面学问多得惊呆你，你选对了吗？", "uName": "灯塔", "endTime": "2020-8-19", "info_ty": "体验师转享", "totalnum": 2032, "num": 20, "apply": 1392 },
        { "img": "http://localhost:3000/img/hot1.jpg", "text": "怎么骑都不会累的智能自行车：云马 C1试骑体验", "uName": "苏亚", "endTime": "2020-8-18", "info_ty": "首发", "totalnum": 2032, "num": 20, "apply": 1392 },
        { "img": "http://localhost:3000/img/hot5.jpg", "text": "声音不是最优秀，但它形音完美的结合，足够打动人心", "uName": "苏亚", "endTime": "2020-8-18", "info_ty": "首发", "totalnum": 2032, "num": 20, "apply": 1392 },
        { "img": "http://localhost:3000/img/hot7.jpg", "text": "风光大片信手拈来！vivo X6Plus不只是快，还是一台拍照利器", "uName": "苏亚", "endTime": "2020-8-17", "info_ty": "首发", "totalnum": 2032, "num": 20, "apply": 1392 },
        { "img": "http://localhost:3000/img/hot2.jpg", "text": "到底有没有完美的iPhone手机配件，答案都在这里", "uName": "苏亚", "endTime": "2020-8-16", "info_ty": "首发", "totalnum": 2032, "num": 20, "apply": 1392 }
    ]
}